200	rec28WQVyOD3pXYXF	off-the-grid-template	OFF THE GRID Rejected btmgrot2	https://webflow.com/templates/html/off-the-grid-website-template
200	rec3sRZgDE35LqKLs	talentbridge-template	TalentBridge Rejected xbqbwt00	https://webflow.com/templates/html/talentbridge-website-template
200	rec0Fvwb5WKff694M	glowfye	Glowfye Rejected gmv7rttv	https://webflow.com/templates/html/glowfye-website-template
200	rec4mvpxLwEdcbJxB	flowixo	Flowix Rejected 1kf23a6d	https://webflow.com/templates/html/flowix-website-template
200	recBrmWfp13M4Lb6h	aibuddy	AIBuddy Rejected hzx18m65	https://webflow.com/templates/html/aibuddy-landing-page-website-template
200	recE9ys6ZnzNPsxbp	marqly	Marqly Rejected 3zg7ojrz	https://webflow.com/templates/html/marqly-website-template
200	recJ2TA2Z7RcEiSvU	paulafolio	Paula Folio Rejected fh30vrzd	https://webflow.com/templates/html/paulafolio-portfolio-website-template
200	recK4SFnd1qeVjHSi	speako-courses	Speako Rejected 0bd4053t	https://webflow.com/templates/html/speako-website-template
200	recNU6eUmN4uhdcpa	photographz-nx	PhotographZ-NX Rejected 5u29nwiu	https://webflow.com/templates/html/photographznx-photography-website-template
200	recRJqZtEQpDqbzsF	athletic99	Athletic.	https://webflow.com/templates/html/athletic-website-template
200	recQvkdPaLrQx0wVh	startio	Startio Rejected s0xb5yf8	https://webflow.com/templates/html/startio-website-template
200	recTAb2lmiveWyG1R	eventy-official	Eventy Rejected vxqxhzxi	https://webflow.com/templates/html/eventy-event-website-template
200	recTxmdlInvQtkuYA	mia-template	MIA Rejected 18gjzlru	https://webflow.com/templates/html/mia-portfolio-website-template
200	recUrmoLQExWfR4X9	creavo-monks	Creavo	https://webflow.com/templates/html/creavo-website-template
200	recbTeNKV1R2hkI7o	markxain-template	MarkXain Rejected 57o61io4	https://webflow.com/templates/html/markxain-agency-website-template
200	recbUc3GFvlDQcAT6	powerai99	PowerAi Rejected 41081j9k	https://webflow.com/templates/html/powerai-website-template
200	reckDZ5Am6HNKGNVy	vistara-ecommerce	Vistara Rejected a7atirct	https://webflow.com/templates/html/vistara-website-template
200	rechniDwkRVcUABvT	luminyn	Luminyn Rejected ryrebx35	https://webflow.com/templates/html/luminyn-website-template
200	recn5Ghs5kKHxKZ0T	freelancer-nx	Freelancer - NX Rejected g1s94qhe	https://webflow.com/templates/html/freelancernx-portfolio-website-template
200	recncYJLNYAI4sHBU	codeplus	Codeplus Rejected 8dgstwxs	https://webflow.com/templates/html/codeplus-website-template
200	recqYp74kZmuVvh1S	edison-p	Edison Rejected 932mibx0	https://webflow.com/templates/html/edison-website-template
200	recrgkIkhPB4YQfwz	zenith-cloud	ZenithCloud Rejected 0qap9p5w	https://webflow.com/templates/html/zenithcloud-website-template
200	rect6NvoHExIcKq5f	kate-m-portfolio-website	Kate.M Rejected oqdulrns	https://webflow.com/templates/html/katem-website-template
200	reczgtfdnZRIXNd58	podhub-webflipin	Podhub Rejected 19tbfrsa	https://webflow.com/templates/html/podhub-website-template
200	reczSx6Zwb9SvnQFn	duo-template	duo Rejected m6km3dqc	https://webflow.com/templates/html/duo-startup-website-template
200	recywDiy1pO1UyuX9	consilo99	consilo Rejected es9nwc62	https://webflow.com/templates/html/consilo-website-template
