500	recfuSJgqC3pt8DDF	monksbot	Monks Bot Rejected jwfdqj76	https://webflow.com/templates/html/monksbot-website-template
500	recfwmMFKnqQiEeP7	reformer-template	Reformer Fit	https://webflow.com/templates/html/reformer-fit-website-template
500	recfw3VvmkbgOgQ2E	argento-pq	Argento Rejected qstjm6ye	https://webflow.com/templates/html/argento-agency-website-template
500	recfwyKvnqhBb1jiL	coming-soon-tnc	Comings TNC Rejected ce65735v	https://webflow.com/templates/html/comingstnc-coming-soon-website-template
500	recg25sXYPn0NqHhO	emagz	emagz Rejected v77q1w7v	https://webflow.com/templates/html/emagz-website-template
500	recg4uHfnJBenvJ9d	az-bilbao	Bilbao	https://webflow.com/templates/html/bilbao-website-template
500	recg8JdaDd4jByzAG	az-andromeda	Andromeda Rejected gb2uf7mk	https://webflow.com/templates/html/andromeda-website-template
500	recg8LiTiDdCvfkqM	web-lab-0ee64d	Web-lab	https://webflow.com/templates/html/web-lab-website-template
500	recg92sf8tnHXfXQC	pauline-beckers-template	Artificial Intelligence template Rejected i8cekipj	https://webflow.com/templates/html/artificialintelligencetemplate-agency-website-template
500	recgHL3AnmnPFXNf3	klyro-theme	KLYRO Rejected 4xqur7xg	https://webflow.com/templates/html/klyro-website-template
500	recgOkVwvRo8Ltr5D	edukuthir	Edukuthir Rejected utzajc5l	https://webflow.com/templates/html/edukuthir-website-template
