404	rec11Gz2s9UHXIxH6	revald	Revald	https://webflow.com/templates/html/revald-website-template
404	rec12Or3s3UyRTe76	pigeon-ai	Pigeon	https://webflow.com/templates/html/pigeon-website-template
404	rec0JLBnEyFeBqFGh	winchester-hair-salon-template	WinchesterHair Rejected mcczespq	https://webflow.com/templates/html/winchesterhair-salon-website-template
404	rec05GoFgi83i0AXS	eidos-template	Eidos	https://webflow.com/templates/html/eidos-website-template
404	rec0fHpEMFhHjS3i3	capitalflow-template	CapitalFlow Rejected ntuq87ss	https://webflow.com/templates/html/capitalflow-website-template
404	rec0v3iEJxg6MfA2U	vulky	VULKY Rejected rke5991k	https://webflow.com/templates/html/vulky-website-template
404	rec0JfbJv3qFeXcek	pranavya-yoga	Pranavya Yoga | Online and Offline Yoga Classes for Mind and Body	https://webflow.com/templates/html/pranavya-yoga--online-and-offline-yoga-classes-for-mind-and-body-website-template
404	rec17wiw0oWqjfGch	jupitar-page	Feature Page Template Rejected g8d3t5l3	https://webflow.com/templates/html/feature-page-template-website-template
404	rec03kjph1UhvBTXA	buildify-oly	Buildify	https://webflow.com/templates/html/buildify-website-template
404	rec0CQWqgMaerEZNV	cleansey	Cleansey Rejected u14je1oa	https://webflow.com/templates/html/cleansey-business-website-template
404	rec0yAVBvHEE0XiKA	imahhh	Imah Rejected 4lhkg397	https://webflow.com/templates/html/imah-website-template
404	rec0TB8roe69nvxgs	brighthills-school	Brighthills	https://webflow.com/templates/html/brighthills-website-template
404	rec162gzxUMKEMUK2	darklift	Darklift Rejected 38a3y3v1	https://webflow.com/templates/html/darklift-website-template
404	rec0g22dB2l29mmjh	kitpro-autobest	Autobest Rejected ngdcfk5k	https://webflow.com/templates/html/autobest-automotive-website-template
404	rec0WUNSyji8HzqmN	taskera-oly	Taskera	https://webflow.com/templates/html/taskera-website-template
404	rec0IZgufHRdCkD7C	viexell	Viexel	https://webflow.com/templates/html/viexel-website-template
404	rec0bh5nr8BzNEG3p	houseriver	Houseriver Rejected 7t404gq0	https://webflow.com/templates/html/houseriver-real-estate-website-template
404	rec15EHFWZfC64Vgq	ionsfolio	Ionsfolio	https://webflow.com/templates/html/ionsfolio-website-template
404	rec1QLNgrYrrp6mg5	revac	Revac Rejected 7s9d334w	https://webflow.com/templates/html/revac-startup-website-template
404	rec16ZQOrrSFfzwVL	testsite	Test template for cst Rejected qepsu818	https://webflow.com/templates/html/testtemplateforcst-website-template
404	rec1Eqqc9aAIRE759	overall-saas-webflow-template	Overall Rejected 00l8pmes	https://webflow.com/templates/html/overall-saas-website-template
404	rec0yECnw2GlxuK22	pizzio	Pizzio	https://webflow.com/templates/html/pizzio-website-template
404	rec0rQJmYO9afIZPo	aesthetics-template	Aesthetics Rejected huhwyha3	https://webflow.com/templates/html/aesthetics-agency-website-template
404	rec0eaAdEKAiQ69Xo	modelx-template	Model  X	https://webflow.com/templates/html/model-x-website-template
404	rec0TPqprYh5xHzhI	varcas-25-d4d6f83e1679c235b7b202ed9942b	Barca Rejected od3uxbuz	https://webflow.com/templates/html/barca-website-template
404	rec0NAeiHZjoqa37V	praxisflow	Praxisflow	https://webflow.com/templates/html/praxisflow-website-template
404	rec0HK3iHHOaSq40G	mantalex	Mantalex Rejected 18i59nrd	https://webflow.com/templates/html/mantalex-therapy-website-template
404	rec0d1HS76wE2dC6d	relaxzf	Relax ZF Rejected 84flpl42	https://webflow.com/templates/html/relaxzf-hotel-website-template
404	rec1QFh16PbH3PGTS	qarlo	Qarlo Rejected vj7kadv7	https://webflow.com/templates/html/qarlo-website-template
404	rec06gO9ebye8CrBv	automaxio	Automax Rejected e0vu96op	https://webflow.com/templates/html/automax-website-template
404	rec0IAWzYqGpyP42U	gardenio-webflipin	Gardenio	https://webflow.com/templates/html/gardenio-website-template
404	rec0KRqYc8iNaTkWG	kitpro-triexia	Triexia	https://webflow.com/templates/html/propies-website-template
404	rec0pN5QKwoZQWy4v	craftflow-agency	Craftflow Rejected oqgl87hb	https://webflow.com/templates/html/craftflow-agency-website-template
404	rec1GN3NUYhunUXTV	agenity	Agenity Rejected 4f6fyyju	https://webflow.com/templates/html/agenity-website-template
404	rec0W2fhqmZFBWDgb	new-ground-template	New Ground	https://webflow.com/templates/html/new-ground-website-template
404	rec1P7zhNt0ND0kOL	fabrx-altiverse	Fabrx Rejected lrhqjso4	https://webflow.com/templates/html/fabrx-finance-website-template
404	rec0mvlCmgM5aixGx	simpleandclean	Simply Clean Rejected u4px808x	https://webflow.com/templates/html/simply-clean-website-template
404	rec05EKfrnHlT3L2A	glidegate-template	GlideGate Rejected 8913mid5	https://webflow.com/templates/html/glidegate-website-template
404	rec0icJXh6BVaSm0f	juicylite-wbs	JuicyLite Rejected x6drfuny	https://webflow.com/templates/html/juicylite-shop-website-template
200	rec0Fvwb5WKff694M	glowfye	Glowfye Rejected gmv7rttv	https://webflow.com/templates/html/glowfye-website-template
